{
  "mean_mse": 0.00078312674882434,
  "std_mse": 4.640296391812274e-05,
  "mean_improvement": 51.68776949957881,
  "mses": [
    0.0008285381934829786,
    0.0007193941680838353,
    0.000801447884906206
  ]
}