{
  "summary": {
    "zeta": {
      "mean_gain": 0.14452934461198588,
      "std_gain": 0.01660645297293121,
      "min_gain": 0.1191785627393781,
      "max_gain": 0.17701768480253555,
      "mean_V_pson": 0.5860336804368999,
      "std_V_pson": 0.01660645297293121,
      "mean_V_no_pson": 0.4415043358249139,
      "std_V_no_pson": 0.0,
      "win_rate": 1.0,
      "n_seeds": 10
    },
    "sinmix": {
      "mean_gain": 0.12433570059432271,
      "std_gain": 0.014981239080245057,
      "min_gain": 0.10183889920439493,
      "max_gain": 0.15303091703556437,
      "mean_V_pson": 0.4975386505728071,
      "std_V_pson": 0.014981239080245061,
      "mean_V_no_pson": 0.37320294997848436,
      "std_V_no_pson": 0.0,
      "win_rate": 1.0,
      "n_seeds": 10
    },
    "one_over_f": {
      "mean_gain": 0.12607654445289204,
      "std_gain": 0.017928889856104357,
      "min_gain": 0.08822413996847289,
      "max_gain": 0.14976205248373142,
      "mean_V_pson": 0.5372531437135132,
      "std_V_pson": 0.017928889856104354,
      "mean_V_no_pson": 0.4111765992606212,
      "std_V_no_pson": 0.0,
      "win_rate": 1.0,
      "n_seeds": 10
    },
    "chirp": {
      "mean_gain": 0.14651483556373632,
      "std_gain": 0.009228291475508682,
      "min_gain": 0.13311959714444827,
      "max_gain": 0.16762109506393547,
      "mean_V_pson": 0.5507327580905885,
      "std_V_pson": 0.00922829147550868,
      "mean_V_no_pson": 0.4042179225268521,
      "std_V_no_pson": 0.0,
      "win_rate": 1.0,
      "n_seeds": 10
    },
    "turbulence": {
      "mean_gain": 0.16437323771079937,
      "std_gain": 0.021154522656676434,
      "min_gain": 0.1284629356700432,
      "max_gain": 0.20422061033403527,
      "mean_V_pson": 0.5519253505313471,
      "std_V_pson": 0.021154522656676434,
      "mean_V_no_pson": 0.38755211282054775,
      "std_V_no_pson": 5.551115123125783e-17,
      "win_rate": 1.0,
      "n_seeds": 10
    },
    "_overall": {
      "mean_gain": 0.14116593258674726,
      "std_gain": 0.02210783004451283,
      "min_gain": 0.08822413996847289,
      "max_gain": 0.20422061033403527,
      "ci_95_low": 0.10297555457932807,
      "ci_95_high": 0.1847013604131461,
      "win_rate": 1.0,
      "total_runs": 50
    }
  },
  "params": {
    "steps": 200,
    "w": 0.2,
    "lr": 0.1,
    "noise": 0.02,
    "seeds": [
      42,
      123,
      456,
      789,
      1000,
      2024,
      3141,
      4242,
      5555,
      6789
    ],
    "signals": [
      "zeta",
      "sinmix",
      "one_over_f",
      "chirp",
      "turbulence"
    ],
    "phase_gain": 0.5,
    "mpmath": true
  }
}