{
  "config": {
    "n_gaps": 25,
    "pson_steps": 200,
    "cma_max_evals": 600,
    "n_runs": 10
  },
  "pson": {
    "mean_time": 0.5154674299992621,
    "std_time": 0.01935695339425835,
    "mean_visibility": 0.0966690000310649,
    "mean_evals": 494.2,
    "times": [
      0.5104209000128321,
      0.4961574000190012,
      0.5173192999791354,
      0.5085034999647178,
      0.5551658000331372,
      0.5057483999989927,
      0.5304389999946579,
      0.5382230000104755,
      0.4875964999664575,
      0.5051005000132136
    ],
    "visibilities": [
      0.10443820177276104,
      0.09770909262898222,
      0.10816312806049647,
      0.1058359609954018,
      0.076780954457158,
      0.09913211780580163,
      0.0704404443927521,
      0.10947035203852004,
      0.09455310191642148,
      0.10016664624235412
    ]
  },
  "cmaes": {
    "mean_time": 0.8093078099947888,
    "std_time": 0.06303056769503572,
    "mean_visibility": 0.793000351462314,
    "mean_evals": 611.0,
    "times": [
      0.7894368999986909,
      0.763719399983529,
      0.9900553000043146,
      0.8180611000279896,
      0.7661563999718055,
      0.8123428999679163,
      0.7987671999726444,
      0.7936041000066325,
      0.7629091000417247,
      0.7980256999726407
    ],
    "visibilities": [
      0.7149607463564485,
      0.8499175692936064,
      0.8419297465222647,
      0.8327119302430728,
      0.8064788548456829,
      0.7816896611432397,
      0.781183160087411,
      0.7456578041456157,
      0.756382110817483,
      0.8190919311683155
    ]
  },
  "comparison": {
    "time_ratio_cma_over_pson": 1.5700464527815994,
    "eval_ratio_cma_over_pson": 1.2363415621205989,
    "pson_faster": true
  }
}