{
  "n_100": {
    "n_elements": 100,
    "signals": {
      "zeta": {
        "GD": {
          "mean_vis": 0.9992940344803968,
          "std_vis": 0.00046726979572640336,
          "mean_time": 1.219224999988607
        },
        "PSON": {
          "mean_vis": 0.9996314882477351,
          "std_vis": 0.00025788715061998403,
          "mean_time": 1.9170655333243
        },
        "PSON-Sub": {
          "mean_vis": 0.9996314882477351,
          "std_vis": 0.00025788715061998403,
          "mean_time": 1.8209194000034283
        },
        "winner": "PSON"
      },
      "turbulence": {
        "GD": {
          "mean_vis": 0.9992682938688234,
          "std_vis": 0.00048355497243571786,
          "mean_time": 1.625620033359155
        },
        "PSON": {
          "mean_vis": 0.9995577532215645,
          "std_vis": 0.00021239640224714662,
          "mean_time": 2.4183272666608295
        },
        "PSON-Sub": {
          "mean_vis": 0.9995577532215645,
          "std_vis": 0.00021239640224714662,
          "mean_time": 2.3154637333354913
        },
        "winner": "PSON"
      },
      "chirp": {
        "GD": {
          "mean_vis": 0.9992625716464071,
          "std_vis": 0.0004865780091779431,
          "mean_time": 1.4782636000115115
        },
        "PSON": {
          "mean_vis": 0.9993026779349368,
          "std_vis": 0.0006355124693634502,
          "mean_time": 1.9621343666609998
        },
        "PSON-Sub": {
          "mean_vis": 0.9993026779349368,
          "std_vis": 0.0006355124693634502,
          "mean_time": 2.0592398333440847
        },
        "winner": "PSON"
      }
    }
  },
  "n_256": {
    "n_elements": 256,
    "signals": {
      "zeta": {
        "GD": {
          "mean_vis": 0.998765149113419,
          "std_vis": 0.0015525279327442641,
          "mean_time": 4.3767675666992245
        },
        "PSON": {
          "mean_vis": 0.9999042662167325,
          "std_vis": 6.480354119222107e-05,
          "mean_time": 5.618222700005087
        },
        "PSON-Sub": {
          "mean_vis": 0.9989618890512905,
          "std_vis": 0.00022097047624317325,
          "mean_time": 6.261160400017009
        },
        "winner": "PSON"
      },
      "turbulence": {
        "GD": {
          "mean_vis": 0.9987661481787543,
          "std_vis": 0.0015512574807406252,
          "mean_time": 4.271806133328937
        },
        "PSON": {
          "mean_vis": 0.9993465168094495,
          "std_vis": 0.000801039637589149,
          "mean_time": 5.888401600008365
        },
        "PSON-Sub": {
          "mean_vis": 0.9995148501896759,
          "std_vis": 0.000178062369646805,
          "mean_time": 6.3976120333342505
        },
        "winner": "PSON-Sub"
      },
      "chirp": {
        "GD": {
          "mean_vis": 0.9987664835008371,
          "std_vis": 0.0015509487344933135,
          "mean_time": 4.071722333358291
        },
        "PSON": {
          "mean_vis": 0.999311757031795,
          "std_vis": 0.0003867015640035315,
          "mean_time": 5.710393999994267
        },
        "PSON-Sub": {
          "mean_vis": 0.9996407065958826,
          "std_vis": 0.00024121806123828557,
          "mean_time": 5.718688633331719
        },
        "winner": "PSON-Sub"
      }
    }
  },
  "n_512": {
    "n_elements": 512,
    "signals": {
      "zeta": {
        "GD": {
          "mean_vis": 0.9997418694465733,
          "std_vis": 0.00014038157959300634,
          "mean_time": 8.512963233321594
        },
        "PSON": {
          "mean_vis": 0.9991694498559599,
          "std_vis": 0.0005252577804969243,
          "mean_time": 11.42529023331978
        },
        "PSON-Sub": {
          "mean_vis": 0.9989086393725312,
          "std_vis": 0.0013452150827023422,
          "mean_time": 10.98641226667678
        },
        "winner": "GD"
      },
      "turbulence": {
        "GD": {
          "mean_vis": 0.9997418490355171,
          "std_vis": 0.00014036089255498008,
          "mean_time": 8.105120933323633
        },
        "PSON": {
          "mean_vis": 0.9994803347186879,
          "std_vis": 0.0004425658020692783,
          "mean_time": 10.857451166647175
        },
        "PSON-Sub": {
          "mean_vis": 0.9993533785096025,
          "std_vis": 0.00043258506058115623,
          "mean_time": 10.481417666674437
        },
        "winner": "GD"
      },
      "chirp": {
        "GD": {
          "mean_vis": 0.9997421333551118,
          "std_vis": 0.00014050531533225515,
          "mean_time": 8.528462366666645
        },
        "PSON": {
          "mean_vis": 0.9996653072733271,
          "std_vis": 0.0002399117408041824,
          "mean_time": 11.242944333314275
        },
        "PSON-Sub": {
          "mean_vis": 0.9995668670399199,
          "std_vis": 0.0003768606659362569,
          "mean_time": 11.344720466644503
        },
        "winner": "GD"
      }
    }
  },
  "n_1024": {
    "n_elements": 1024,
    "signals": {
      "zeta": {
        "GD": {
          "mean_vis": 0.99923855650023,
          "std_vis": 0.0006067926168325022,
          "mean_time": 16.978331766673364
        },
        "PSON": {
          "mean_vis": 0.9991090884416215,
          "std_vis": 0.0004255834409658504,
          "mean_time": 22.81162969998938
        },
        "PSON-Sub": {
          "mean_vis": 0.9979397127867551,
          "std_vis": 0.0022551312884040785,
          "mean_time": 21.068977033331368
        },
        "winner": "GD"
      },
      "turbulence": {
        "GD": {
          "mean_vis": 0.999238593600802,
          "std_vis": 0.0006067234672337885,
          "mean_time": 15.548724166680282
        },
        "PSON": {
          "mean_vis": 0.9988284404126366,
          "std_vis": 0.0008887516961473287,
          "mean_time": 20.78166636667447
        },
        "PSON-Sub": {
          "mean_vis": 0.998871339730078,
          "std_vis": 0.0011729546180077738,
          "mean_time": 22.127432733327925
        },
        "winner": "GD"
      },
      "chirp": {
        "GD": {
          "mean_vis": 0.9992386128589724,
          "std_vis": 0.000606737572554648,
          "mean_time": 17.037957600007456
        },
        "PSON": {
          "mean_vis": 0.9994480369397379,
          "std_vis": 0.00031081098152091566,
          "mean_time": 21.2843076333326
        },
        "PSON-Sub": {
          "mean_vis": 0.9992482144095249,
          "std_vis": 0.00019864377377746132,
          "mean_time": 20.68457636665941
        },
        "winner": "PSON"
      }
    }
  },
  "n_2048": {
    "n_elements": 2048,
    "signals": {
      "zeta": {
        "GD": {
          "mean_vis": 0.9988812499693641,
          "std_vis": 0.0008092963849846483,
          "mean_time": 29.840507466656465
        },
        "PSON": {
          "mean_vis": 0.9992845402688769,
          "std_vis": 0.0005018972624329629,
          "mean_time": 38.15715540000625
        },
        "PSON-Sub": {
          "mean_vis": 0.99611278632637,
          "std_vis": 0.004147980449049624,
          "mean_time": 37.47362036665436
        },
        "winner": "PSON"
      },
      "turbulence": {
        "GD": {
          "mean_vis": 0.9988812423641988,
          "std_vis": 0.0008093069943444018,
          "mean_time": 26.309892799996305
        },
        "PSON": {
          "mean_vis": 0.9989376498827784,
          "std_vis": 0.0005469588486187163,
          "mean_time": 34.8024906666833
        },
        "PSON-Sub": {
          "mean_vis": 0.9996018641013786,
          "std_vis": 0.0003034595981099484,
          "mean_time": 35.24665696666731
        },
        "winner": "PSON-Sub"
      },
      "chirp": {
        "GD": {
          "mean_vis": 0.9988812502788048,
          "std_vis": 0.0008092948958141193,
          "mean_time": 35.7417218000046
        },
        "PSON": {
          "mean_vis": 0.9975706930623249,
          "std_vis": 0.0016033263071314405,
          "mean_time": 47.07774423334437
        },