{
  "summary": {
    "0.50": {
      "0.30": {
        "mean_final_V": 0.588608169627697,
        "std_final_V": 0.03368296132280075,
        "mean_deltaF90": 177.66666666666666,
        "std_deltaF90": 7.8515641004534515,
        "mean_accept_rate": 0.6006317530045608
      },
      "0.50": {
        "mean_final_V": 0.5921025029957674,
        "std_final_V": 0.032344329721071124,
        "mean_deltaF90": 176.88888888888889,
        "std_deltaF90": 9.621598796389964,
        "mean_accept_rate": 0.4454815614914569
      },
      "0.70": {
        "mean_final_V": 0.627619224873575,
        "std_final_V": 0.03802292573395846,
        "mean_deltaF90": 167.61111111111111,
        "std_deltaF90": 2.4528228369128184,
        "mean_accept_rate": 0.6109300964348882
      }
    },
    "0.55": {
      "0.30": {
        "mean_final_V": 0.5801451255797319,
        "std_final_V": 0.027897278460731544,
        "mean_deltaF90": 179.05555555555554,
        "std_deltaF90": 6.932211447695141,
        "mean_accept_rate": 0.56457197720566
      },
      "0.50": {
        "mean_final_V": 0.5924518189787271,
        "std_final_V": 0.03287526184651261,
        "mean_deltaF90": 176.83333333333334,
        "std_deltaF90": 9.82344135219425,
        "mean_accept_rate": 0.4497912761612691
      },
      "0.70": {
        "mean_final_V": 0.6282855914430597,
        "std_final_V": 0.037822209730225764,
        "mean_deltaF90": 167.66666666666666,
        "std_deltaF90": 2.5667557916789914,
        "mean_accept_rate": 0.6110197091788954
      }
    },
    "0.60": {
      "0.30": {
        "mean_final_V": 0.5785732112070232,
        "std_final_V": 0.03304505502015782,
        "mean_deltaF90": 180.16666666666666,
        "std_deltaF90": 4.7309991482958935,
        "mean_accept_rate": 0.34538450618527855
      },
      "0.50": {
        "mean_final_V": 0.5867276032254836,
        "std_final_V": 0.03362633759894024,
        "mean_deltaF90": 178.05555555555554,
        "std_deltaF90": 9.39005871197721,
        "mean_accept_rate": 0.4458398526392655
      },
      "0.70": {
        "mean_final_V": 0.628849395405045,
        "std_final_V": 0.03731416708509958,
        "mean_deltaF90": 167.66666666666666,
        "std_deltaF90": 2.5667557916789914,
        "mean_accept_rate": 0.6082658116966652
      }
    },
    "0.65": {
      "0.30": {
        "mean_final_V": 0.5761376621830055,
        "std_final_V": 0.030249723919118492,
        "mean_deltaF90": 177.61111111111111,
        "std_deltaF90": 3.7438402569128195,
        "mean_accept_rate": 0.28608828462393315
      },
      "0.50": {
        "mean_final_V": 0.5890494715068657,
        "std_final_V": 0.03275336100955918,
        "mean_deltaF90": 177.5,
        "std_deltaF90": 5.067195534833375,
        "mean_accept_rate": 0.3159747468939129
      },
      "0.70": {
        "mean_final_V": 0.6298267011120008,
        "std_final_V": 0.037282835263107085,
        "mean_deltaF90": 167.72222222222223,
        "std_deltaF90": 2.6965240273480524,
        "mean_accept_rate": 0.60619147109144
      }
    }
  },
  "params": {
    "steps": 200,
    "w": 0.2,
    "zeta_gains": "0.3,0.5,0.7",
    "lrs": "0.1,0.12,0.15",
    "noises": "0.02,0.03",
    "seeds": "41,42,43"
  },
  "mpmath": true
}