{
  "summary": {
    "zeta|phase|per_gap": {
      "mean_final_V_no_pson": 0.4415043358249139,
      "mean_final_V_pson": 0.6105374661194686,
      "mean_pson_gain": 0.1690331302945547,
      "mean_deltaF90_no_pson": 0.0,
      "mean_deltaF90_pson": 215.0,
      "mean_accept_no_pson": 0.0,
      "mean_accept_pson": 0.325068870523416,
      "mean_func_evals_no_pson": 601.0,
      "mean_func_evals_pson": 601.0
    },
    "zeta|phase|per_screen": {
      "mean_final_V_no_pson": 0.4430525080101138,
      "mean_final_V_pson": 0.5890863977308359,
      "mean_pson_gain": 0.14603388972072212,
      "mean_deltaF90_no_pson": 0.0,
      "mean_deltaF90_pson": 218.0,
      "mean_accept_no_pson": 0.0,
      "mean_accept_pson": 0.43526170798898073,
      "mean_func_evals_no_pson": 601.0,
      "mean_func_evals_pson": 601.0
    },
    "zeta|amplitude|per_gap": {
      "mean_final_V_no_pson": 0.42378967754169566,
      "mean_final_V_pson": 0.5901147708564127,
      "mean_pson_gain": 0.16632509331471707,
      "mean_deltaF90_no_pson": 263.0,
      "mean_deltaF90_pson": 221.0,
      "mean_accept_no_pson": 1.0,
      "mean_accept_pson": 0.6414565826330533,
      "mean_func_evals_no_pson": 601.0,
      "mean_func_evals_pson": 601.0
    },
    "zeta|amplitude|per_screen": {
      "mean_final_V_no_pson": 0.6026312098665367,
      "mean_final_V_pson": 0.6337571006671838,
      "mean_pson_gain": 0.031125890800647094,
      "mean_deltaF90_no_pson": 0.0,
      "mean_deltaF90_pson": 213.0,
      "mean_accept_no_pson": 0.0,
      "mean_accept_pson": 0.2670299727520436,
      "mean_func_evals_no_pson": 601.0,
      "mean_func_evals_pson": 601.0
    },
    "sinmix|phase|per_gap": {
      "mean_final_V_no_pson": 0.39937650091674687,
      "mean_final_V_pson": 0.5651128721665593,
      "mean_pson_gain": 0.1657363712498124,
      "mean_deltaF90_no_pson": 265.0,
      "mean_deltaF90_pson": 206.0,
      "mean_accept_no_pson": 1.0,
      "mean_accept_pson": 0.6759776536312849,
      "mean_func_evals_no_pson": 601.0,
      "mean_func_evals_pson": 601.0
    },
    "sinmix|phase|per_screen": {
      "mean_final_V_no_pson": 0.3994023637142323,
      "mean_final_V_pson": 0.5168506318475722,
      "mean_pson_gain": 0.11744826813333986,
      "mean_deltaF90_no_pson": 0.0,
      "mean_deltaF90_pson": 209.0,
      "mean_accept_no_pson": 0.0,
      "mean_accept_pson": 0.29395604395604397,
      "mean_func_evals_no_pson": 601.0,
      "mean_func_evals_pson": 601.0
    },
    "sinmix|amplitude|per_gap": {
      "mean_final_V_no_pson": 0.3939365344119418,
      "mean_final_V_pson": 0.550740636759957,
      "mean_pson_gain": 0.15680410234801517,
      "mean_deltaF90_no_pson": 247.0,
      "mean_deltaF90_pson": 206.0,
      "mean_accept_no_pson": 1.0,
      "mean_accept_pson": 0.5950413223140496,
      "mean_func_evals_no_pson": 601.0,
      "mean_func_evals_pson": 601.0
    },
    "sinmix|amplitude|per_screen": {
      "mean_final_V_no_pson": 0.5198312171088871,
      "mean_final_V_pson": 0.6043751606418764,
      "mean_pson_gain": 0.08454394353298922,
      "mean_deltaF90_no_pson": 0.0,
      "mean_deltaF90_pson": 205.0,
      "mean_accept_no_pson": 0.0,
      "mean_accept_pson": 0.5289256198347108,
      "mean_func_evals_no_pson": 601.0,
      "mean_func_evals_pson": 601.0
    },
    "one_over_f|phase|per_gap": {
      "mean_final_V_no_pson": 0.4111765992606212,
      "mean_final_V_pson": 0.5521660537054675,
      "mean_pson_gain": 0.14098945444484623,
      "mean_deltaF90_no_pson": 0.0,
      "mean_deltaF90_pson": 217.0,
      "mean_accept_no_pson": 0.0,
      "mean_accept_pson": 0.31868131868131866,
      "mean_func_evals_no_pson": 601.0,
      "mean_func_evals_pson": 601.0
    },
    "one_over_f|phase|per_screen": {
      "mean_final_V_no_pson": 0.5089773084973661,
      "mean_final_V_pson": 0.647869000171655,
      "mean_pson_gain": 0.13889169167428894,
      "mean_deltaF90_no_pson": 264.0,
      "mean_deltaF90_pson": 190.0,
      "mean_accept_no_pson": 1.0,
      "mean_accept_pson": 0.6438356164383562,
      "mean_func_evals_no_pson": 601.0,
      "mean_func_evals_pson": 601.0
    },
    "one_over_f|amplitude|per_gap": {
      "mean_final_V_no_pson": 0.39983343868785964,
      "mean_final_V_pson": 0.5527189404179803,
      "mean_pson_gain": 0.15288550173012067,
      "mean_deltaF90_no_pson": 271.0,
      "mean_deltaF90_pson": 221.0,
      "mean_accept_no_pson": 1.0,
      "mean_accept_pson": 0.6350974930362117,
      "mean_func_evals_no_pson": 601.0,
      "mean_func_evals_pson": 601.0
    },
    "one_over_f|amplitude|per_screen": {
      "mean_final_V_no_pson": 0.6017483269622016,
      "mean_final_V_pson": 0.6843049722512442,
      "mean_pson_gain": 0.08255664528904261,
      "mean_deltaF90_no_pson": 0.0,
      "mean_deltaF90_pson": 202.0,
      "mean_accept_no_pson": 0.0,
      "mean_accept_pson": 0.3426183844011142,
      "mean_func_evals_no_pson": 601.0,
      "mean_func_evals_pson": 601.0
    },
    "chirp|phase|per_gap": {
      "mean_final_V_no_pson": 0.40485072207670764,
      "mean_final_V_pson": 0.5587691904033312,
      "mean_pson_gain": 0.15391846832662354,
      "mean_deltaF90_no_pson": 249.0,
      "mean_deltaF90_pson": 207.0,
      "mean_accept_no_pson": 1.0,
      "mean_accept_pson": 0.5467032967032966,
      "mean_func_evals_no_pson": 601.0,
      "mean_func_evals_pson": 601.0
    },
    "chirp|phase|per_screen": {
      "mean_final_V_no_pson": 0.46480199524019766,
      "mean_final_V_pson": 0.6058556228210624,
      "mean_pson_gain": 0.14105362758086476,
      "mean_deltaF90_no_pson": 263.0,
      "mean_deltaF90_pson": 191.0,
      "mean_accept_no_pson": 1.0,
      "mean_accept_pson": 0.6483516483516484,
      "mean_func_evals_no_pson": 601.0,
      "mean_func_evals_pson": 601.0
    },
    "chirp|amplitude|per_gap": {
      "mean_final_V_no_pson": 0.43050586100174293,
      "mean_final_V_pson": 0.5929738209345249,
      "mean_pson_gain": 0.16246795993278196,
      "mean_deltaF90_no_pson": 254.0,
      "mean_deltaF90_pson": 207.0,
      "mean_accept_no_pson": 1.0,
      "mean_accept_pson": 0.6638888888888889,
      "mean_func_evals_no_pson": 601.0,
      "mean_func_evals_pson": 601.0
    },
    "chirp|amplitude|per_screen": {
      "mean_final_V_no_pson": 0.5860414717697362,
      "mean_final_V_pson": 0.6970468699450618,
      "mean_pson_gain": 0.11100539817532562,
      "mean_deltaF90_no_pson": 268.0,
      "mean_deltaF90_pson": 207.0,
      "mean_accept_no_pson": 1.0,
      "mean_accept_pson": 0.6638888888888889,
      "mean_func_evals_no_pson": 601.0,
      "mean_func_evals_pson": 601.0
    },
    "turbulence|phase|per_gap": {
      "mean_final_V_no_pson": 0.43188054047256286,
      "mean_final_V_pson": 0.6393053651440092,
      "mean_pson_gain": 0.2074248246714463,
      "mean_deltaF90_no_pson": 269.0,
      "mean_deltaF90_pson": 215.0,
      "mean_accept_no_pson": 1.0,
      "mean_accept_pson": 0.6713091922005571,
      "mean_func_evals_no_pson": 601.0,
      "mean_func_evals_pson": 601.0
    },
    "turbulence|phase|per_screen": {
      "mean_final_V_no_pson": 0.4309759783250125,
      "mean_final_V_pson": 0.5850858861896315,
      "mean_pson_gain": 0.15410990786461903,
      "mean_deltaF90_no_pson": 0.0,
      "mean_deltaF90_pson": 218.0,
      "mean_accept_no_pson": 0.0,
      "mean_accept_pson": 0.29120879120879123,
      "mean_func_evals_no_pson": 601.0,
      "mean_func_evals_pson": 601.0
    },
    "turbulence|amplitude|per_gap": {
      "mean_final_V_no_pson": 0.39958966815769353,
      "mean_final_V_pson": 0.5579671058357817,
      "mean_pson_gain": 0.15837743767808815,
      "mean_deltaF90_no_pson": 257.0,
      "mean_deltaF90_pson": 211.0,
      "mean_accept_no_pson": 1.0,
      "mean_accept_pson": 0.6759776536312849,
      "mean_func_evals_no_pson": 601.0,
      "mean_func_evals_pson": 601.0
    },
    "turbulence|amplitude|per_screen": {
      "mean_final_V_no_pson": 0.5667372052171179,
      "mean_final_V_pson": 0.6539755850101486,